Gender,Married,Education,Self_Employed,ApplicantIncome,CoapplicantIncome,LoanAmount,Loan_Amount_Term,Credit_History,Loan_Status,Dependents_0,Dependents_1,Dependents_2,Dependents_3+,Property_Area_Rural,Property_Area_Semiurban,Property_Area_Urban
1.0,1.0,1,0.0,0.4832661070533086,0.3972602739726027,0.6918604651162791,0.7435897435897436,1.0,0,0,1,0,0,1,0,0
1.0,1.0,1,1.0,0.3106944293033903,0.0,0.3313953488372093,0.7435897435897436,1.0,1,1,0,0,0,0,0,1
1.0,1.0,0,0.0,0.265234928594789,0.6211801896733403,0.6453488372093024,0.7435897435897436,1.0,1,1,0,0,0,0,0,1
1.0,0.0,1,0.0,0.6377411969911697,0.0,0.7674418604651163,0.7435897435897436,1.0,1,1,0,0,0,0,0,1
1.0,1.0,0,0.0,0.2379810312874741,0.399367755532139,0.5,0.7435897435897436,1.0,1,1,0,0,0,0,0,1
1.0,1.0,1,0.0,0.3146189905156437,0.6596417281348788,0.8662790697674418,0.7435897435897436,0.0,0,0,0,0,1,0,1,0
1.0,1.0,1,0.0,0.4203641120680257,0.4020021074815595,0.9244186046511628,0.7435897435897436,1.0,1,0,0,1,0,0,0,1
1.0,1.0,1,0.0,0.3324975471492423,0.1844046364594309,0.3546511627906977,0.7435897435897436,1.0,1,0,0,1,0,0,0,1
1.0,1.0,1,0.0,0.2561866346887604,0.4847207586933614,0.5813953488372093,0.7435897435897436,1.0,1,0,0,1,0,0,0,1
1.0,0.0,1,0.0,0.1856535484574294,0.7481559536354057,0.6104651162790697,0.7435897435897436,1.0,0,1,0,0,0,1,0,0
1.0,1.0,1,0.0,0.1252589120244195,0.28609062170706,0.0465116279069767,0.2307692307692308,1.0,1,0,0,1,0,0,0,1
1.0,0.0,1,0.0,0.5232748283004469,0.0,0.6744186046511628,0.7435897435897436,1.0,1,1,0,0,0,0,0,1
1.0,0.0,0,0.0,0.3756677204840292,0.0,0.5290697674418605,0.4871794871794872,0.8337531486146096,1,0,1,0,0,0,0,1
0.0,0.0,1,0.0,0.3662923798103129,0.0,0.3895348837209302,0.7435897435897436,0.0,0,1,0,0,0,0,0,1
1.0,1.0,0,0.0,0.5164068461790036,0.0,0.7209302325581396,0.7435897435897436,1.0,0,1,0,0,0,1,0,0
1.0,1.0,1,0.0,0.2670881936116864,0.9220231822971549,0.6162790697674418,0.7051589497632663,1.0,1,1,0,0,0,0,0,1
1.0,1.0,0,0.0,0.818707075111741,0.0,0.5523255813953488,0.7435897435897436,0.0,0,1,0,0,0,0,0,1
1.0,1.0,0,0.0,0.2670881936116864,0.5034246575342466,0.622093023255814,0.7435897435897436,0.0,0,1,0,0,0,0,1,0
1.0,1.0,0,0.0,0.3504851193720701,0.5050052687038988,0.5988372093023256,0.7435897435897436,0.0,0,0,0,1,0,1,0,0
1.0,1.0,1,0.0,0.3888586067807696,0.7705479452054794,0.8255813953488372,0.7435897435897436,0.8337531486146096,0,0,1,0,0,0,1,0
1.0,1.0,1,0.0,0.2887822958683091,0.5935194942044256,0.6569767441860466,0.7435897435897436,1.0,1,1,0,0,0,0,1,0
1.0,1.0,0,0.0,0.4443475416984628,0.273972602739726,0.5872093023255814,0.7435897435897436,1.0,1,0,0,1,0,0,0,1
1.0,0.0,0,0.0,0.1408481412842036,0.0,0.1511627906976744,0.7435897435897436,1.0,0,1,0,0,0,0,0,1
0.0,0.0,1,0.0,0.3924561212253352,0.5487355110642782,0.6453488372093024,0.7435897435897436,1.0,1,0,0,1,0,0,1,0
1.0,0.0,1,0.0,0.3289000327046767,0.0,0.377906976744186,0.7435897435897436,1.0,0,1,0,0,0,0,0,1
1.0,0.0,1,1.0,0.4951488062792979,0.0,0.563953488372093,0.7435897435897436,1.0,0,0,1,0,0,1,0,0
1.0,1.0,1,0.0,0.3652022239180202,0.4391464699683877,0.6104651162790697,0.7435897435897436,1.0,1,1,0,0,0,0,1,0
1.0,1.0,1,0.0,0.1829281587266979,0.3503688092729188,0.5290697674418605,0.7051589497632663,0.0,0,1,0,0,0,0,0,1
0.0,1.0,1,0.0,0.3834078273193066,0.3843519494204425,0.7848837209302325,0.7435897435897436,1.0,1,1,0,0,0,0,1,0
1.0,0.0,0,0.0,0.3922380900468767,0.4394099051633298,0.5872093023255814,0.7435897435897436,1.0,1,1,0,0,0,0,1,0
1.0,0.0,1,0.0,0.3761037828409462,0.0,0.4127906976744186,0.7435897435897436,1.0,0,1,0,0,0,0,0,1
1.0,0.0,1,0.0,0.1798757222282786,0.3195468914646996,0.2209302325581395,0.7435897435897436,1.0,1,1,0,0,0,0,0,1
1.0,1.0,1,0.0,0.2452850757658345,0.0,0.3837209302325581,0.7435897435897436,0.8337531486146096,1,1,0,0,0,0,0,1
1.0,1.0,1,0.0,0.4132780987681238,0.6153846153846153,0.7267441860465116,0.7435897435897436,1.0,1,1,0,0,0,0,1,0
1.0,1.0,0,1.0,0.4954758530469857,0.0,0.5058139534883721,0.7051589497632663,1.0,1,1,0,0,0,0,0,1
0.0,0.0,1,0.0,0.3553908208873869,0.0,0.4593023255813954,0.7051589497632663,1.0,1,1,0,0,0,0,0,1
1.0,1.0,1,0.0,0.5994767251716996,0.0,0.2034883720930232,0.7435897435897436,1.0,1,0,1,0,0,0,0,1
1.0,1.0,1,0.0,0.6182274065191322,0.0,0.7848837209302325,0.7435897435897436,1.0,1,1,0,0,0,0,0,1
0.0,1.0,1,0.0,0.2719938951270031,0.9062170706006322,0.6453488372093024,0.7435897435897436,0.0,0,1,0,0,0,0,0,1
0.0,0.0,1,0.0,0.4197100185326501,0.5993150684931506,0.7848837209302325,0.7435897435897436,1.0,1,1,0,0,0,0,1,0
0.0,1.0,0,0.0,0.1938297176496239,0.4330874604847207,0.5290697674418605,0.7435897435897436,1.0,1,1,0,0,0,0,1,0
0.0,0.0,1,0.0,0.3200697699771067,0.0,0.6453488372093024,0.7435897435897436,1.0,1,1,0,0,0,0,1,0
0.0,0.0,1,0.0,0.4447836040553799,0.0,0.5988372093023256,0.7435897435897436,1.0,0,1,0,0,0,0,1,0
1.0,1.0,1,0.0,0.4868636214978742,0.0,0.7267441860465116,0.7435897435897436,1.0,0,0,0,1,0,0,0,1
1.0,1.0,1,0.0,0.2788618772484465,0.3074288724973656,0.5116279069767442,0.7435897435897436,1.0,1,0,0,1,0,0,1,0
1.0,1.0,1,0.0,0.2160688978523929,0.4191253951527924,0.5058139534883721,0.7435897435897436,1.0,1,1,0,0,0,0,1,0
1.0,1.0,1,0.0,0.3505941349612994,0.5795574288724973,0.7325581395348837,0.7435897435897436,1.0,0,1,0,0,0,1,0,0
1.0,1.0,1,0.0,0.8644936225880301,0.5927291886195996,0.994186046511628,0.7435897435897436,1.0,1,0,1,0,0,0,0,1
1.0,1.0,0,0.0,0.3496129946582361,0.7531612223393045,0.7848837209302325,0.7435897435897436,1.0,1,0,0,1,0,0,0,1
1.0,1.0,1,0.0,0.2561866346887604,1.0,0.6453488372093024,0.7435897435897436,1.0,1,1,0,0,0,0,0,1
1.0,1.0,1,0.0,0.3138558813910389,0.0,0.5232558139534884,0.7435897435897436,1.0,1,0,0,0,1,0,0,1
1.0,1.0,0,1.0,0.2680693339147498,0.9085879873551106,0.9069767441860466,0.358974358974359,0.0,0,1,0,0,0,1,0,0
0.0,0.0,1,0.0,0.4378066063447072,0.0,0.622093023255814,0.7435897435897436,0.0,0,1,0,0,0,0,1,0
1.0,0.0,0,0.0,0.3324975471492423,0.5937829293993677,0.6802325581395349,0.358974358974359,0.0,0,1,0,0,0,0,0,1
1.0,1.0,0,1.0,0.7576583451433555,0.0,0.6744186046511628,0.1025641025641025,1.0,1,0,0,0,1,0,0,1
0.0,0.0,1,0.0,0.4524146953014281,0.0,0.7383720930232558,0.7435897435897436,0.0,0,1,0,0,0,0,1,0
1.0,1.0,1,0.0,0.3333696718630764,0.8076923076923076,0.9476744186046512,0.7435897435897436,1.0,1,1,0,0,0,0,0,1
1.0,1.0,0,1.0,0.1880518914204731,0.4939409905163329,0.5116279069767442,0.7435897435897436,1.0,1,0,0,1,0,0,1,0
1.0,0.0,1,0.0,0.3652022239180202,0.0,0.4186046511627907,0.6153846153846154,1.0,1,1,0,0,0,0,1,0
1.0,1.0,0,0.0,0.5020167884007413,0.0,0.5,0.7051589497632663,0.0,0,0,0,0,1,0,1,0
1.0,0.0,1,0.0,0.3924561212253352,0.0,0.6046511627906976,1.0000000000000002,1.0,0,1,0,0,0,0,0,1
1.0,1.0,1,1.0,0.0926632508448708,0.7961011591148577,0.5872093023255814,0.7435897435897436,1.0,0,0,1,0,0,0,0,1
1.0,1.0,0,1.0,0.3469966205167338,0.5706006322444678,0.7034883720930233,0.7435897435897436,0.8337531486146096,1,0,0,0,1,0,1,0
0.0,0.0,1,0.0,0.4029216177913441,0.0,0.5930232558139535,0.7435897435897436,1.0,1,1,0,0,0,0,1,0
0.0,1.0,1,0.0,0.133871143573531,0.4955216016859852,0.9186046511627908,0.7435897435897436,1.0,0,0,0,1,0,0,0,1
1.0,1.0,1,0.0,0.418401831461899,0.0,0.2383720930232558,0.4871794871794872,1.0,1,0,1,0,0,0,0,1
1.0,0.0,1,0.0,0.2415785457320397,0.6667544783983139,0.7383720930232558,0.7435897435897436,1.0,1,1,0,0,0,0,1,0
1.0,1.0,0,0.0,0.3469966205167338,0.5268703898840885,0.5232558139534884,0.7435897435897436,0.8337531486146096,1,0,0,1,0,0,1,0
1.0,1.0,1,0.0,0.2561866346887604,0.5579557428872497,0.5523255813953488,0.7435897435897436,1.0,1,1,0,0,0,0,1,0
1.0,1.0,1,0.0,0.3061157745557614,0.7639620653319283,0.7093023255813954,0.7435897435897436,1.0,1,1,0,0,0,0,1,0
1.0,1.0,0,0.0,0.3404556851629783,0.4794520547945205,0.4186046511627907,0.7435897435897436,1.0,1,0,0,1,0,0,0,1
1.0,0.0,1,0.0,0.4342090919001417,0.0,0.6569767441860466,0.7435897435897436,1.0,1,1,0,0,0,0,1,0
1.0,0.0,0,0.0,0.3782840946255314,0.0,0.0930232558139535,0.2307692307692308,1.0,1,1,0,0,0,0,1,0
0.0,1.0,1,0.0,0.2544423852610923,0.6064278187565858,0.7441860465116279,0.7435897435897436,1.0,1,1,0,0,0,0,1,0
1.0,1.0,1,0.0,0.1991714815218576,0.2626448893572181,0.2383720930232558,0.7435897435897436,1.0,1,1,0,0,0,0,1,0
1.0,1.0,0,0.0,0.440204949307751,0.0,0.6162790697674418,0.358974358974359,1.0,1,1,0,0,0,0,1,0
1.0,1.0,1,0.0,0.175406083069879,0.9328240252897788,0.7093023255813954,0.7435897435897436,1.0,1,1,0,0,0,0,1,0
1.0,1.0,0,0.0,0.451106508230677,0.8595890410958904,0.7209302325581396,0.358974358974359,1.0,1,0,0,1,0,0,0,1
1.0,1.0,1,0.0,0.3996511501144663,0.1986301369863013,0.877906976744186,0.7435897435897436,1.0,1,0,0,0,0,0,0,1
1.0,1.0,1,0.0,0.3163632399433119,0.2713382507903055,0.5290697674418605,0.7435897435897436,1.0,1,0,1,0,0,0,0,1
1.0,0.0,0,0.0,0.7830589774337731,0.0,0.6453488372093024,0.7435897435897436,1.0,0,1,0,0,0,1,0,0
1.0,1.0,0,0.0,0.209418946909408,0.1986301369863013,0.4941860465116279,1.0000000000000002,1.0,1,0,0,0,1,0,1,0
1.0,0.0,1,0.0,0.563174533958356,0.0,0.7383720930232558,0.7435897435897436,1.0,1,1,0,0,0,0,0,1
0.0,1.0,1,0.0,0.3029543224681129,0.6145943097997892,0.7558139534883721,0.7435897435897436,1.0,1,1,0,0,0,0,1,0
1.0,0.0,1,0.0,0.5341763872233729,0.0,0.6337209302325582,0.7435897435897436,1.0,1,1,0,0,0,0,1,0
0.0,1.0,1,0.0,0.3289000327046767,0.601422550052687,0.8430232558139535,0.7435897435897436,1.0,1,1,0,0,0,0,1,0
1.0,1.0,1,0.0,0.2250081761691922,0.3682824025289778,0.4418604651162791,0.7435897435897436,0.8337531486146096,1,0,1,0,0,0,0,1
1.0,1.0,1,0.0,0.5906464624441294,0.5642781875658588,0.9651162790697676,0.7435897435897436,1.0,0,1,0,0,0,1,0,0
1.0,1.0,1,0.0,0.6014390057778262,0.702581664910432,0.994186046511628,0.7435897435897436,1.0,1,0,0,0,0,1,0,0
0.0,0.0,1,0.0,0.4378066063447072,0.0,0.2034883720930232,0.7435897435897436,1.0,1,1,0,0,0,0,1,0
1.0,1.0,1,0.0,0.3060067589665322,0.0,0.4186046511627907,0.7435897435897436,1.0,1,0,0,1,0,0,1,0
0.0,0.0,1,0.0,0.3861332170500381,0.0,0.4883720930232558,0.7435897435897436,0.8337531486146096,1,1,0,0,0,1,0,0
1.0,0.0,1,0.0,0.2032050583233402,0.5081664910432033,0.377906976744186,0.7435897435897436,1.0,1,1,0,0,0,0,0,1
1.0,0.0,1,0.0,0.2799520331407391,0.0,0.3546511627906977,0.7435897435897436,1.0,1,1,0,0,0,0,1,0
1.0,1.0,1,1.0,0.3607325847596206,0.0,0.0930232558139535,0.2307692307692308,1.0,1,1,0,0,0,0,1,0
1.0,0.0,1,0.0,0.5172789708928377,0.0,0.5406976744186046,0.7435897435897436,1.0,1,1,0,0,0,0,1,0
0.0,1.0,1,0.0,0.4832661070533086,0.0,0.436046511627907,0.7435897435897436,1.0,0,1,0,0,0,1,0,0
1.0,1.0,1,1.0,0.3451433554998364,0.9220231822971549,0.4593023255813954,0.7435897435897436,1.0,1,0,0,1,0,0,0,1
1.0,1.0,0,0.0,0.4415131363785021,0.3767123287671232,0.6976744186046512,0.7435897435897436,1.0,0,0,0,1,0,1,0,0
1.0,0.0,1,0.0,0.5741851084705113,0.0,0.9244186046511628,0.7435897435897436,1.0,1,1,0,0,0,0,0,1
1.0,0.0,1,1.0,0.7413060067589665,0.0,0.9651162790697676,0.358974358974359,1.0,1,1,0,0,0,0,1,0
1.0,1.0,1,0.0,0.2777717213561539,0.535827186512118,0.6569767441860466,0.7435897435897436,1.0,1,1,0,0,0,0,1,0
1.0,1.0,1,0.0,0.1513136378502126,0.375395152792413,0.1220930232558139,0.7435897435897436,1.0,1,0,1,0,0,0,0,1
1.0,1.0,1,0.0,0.5134634252698136,0.2186512118018967,0.6744186046511628,0.7435897435897436,1.0,1,1,0,0,0,0,1,0
1.0,0.0,1,0.0,0.6679385152076747,0.0,0.6337209302325582,0.7435897435897436,0.0,0,1,0,0,0,1,0,0
1.0,1.0,1,1.0,0.2645808350594135,0.987881981032666,0.8313953488372093,0.7435897435897436,1.0,1,1,0,0,0,1,0,0
1.0,1.0,0,0.0,0.2323122206475526,0.0,0.6046511627906976,0.7435897435897436,1.0,0,0,0,1,0,1,0,0
1.0,0.0,1,0.0,0.3383843889676223,0.0,0.2383720930232558,0.7435897435897436,1.0,1,1,0,0,0,0,0,1
1.0,1.0,1,0.0,0.6377411969911697,0.0,0.877906976744186,0.7435897435897436,0.8337531486146096,1,0,1,0,0,1,0,0
1.0,0.0,1,0.0,0.3085141175188052,0.5487355110642782,0.6453488372093024,0.7435897435897436,1.0,1,1,0,0,0,1,0,0
1.0,1.0,0,0.0,0.186743704349722,0.274236037934668,0.5174418604651163,0.7435897435897436,1.0,1,1,0,0,0,0,1,0
1.0,1.0,1,0.0,0.3203968167447945,0.3371970495258166,0.6511627906976745,0.7435897435897436,0.0,0,0,1,0,0,0,1,0
1.0,1.0,1,0.0,0.4379156219339365,0.381190727081138,0.8662790697674418,0.7435897435897436,1.0,1,0,0,1,0,1,0,0
1.0,1.0,1,0.0,1.0,0.0,0.3837209302325581,0.358974358974359,1.0,1,1,0,0,0,0,0,1
0.0,1.0,1,0.0,0.4832661070533086,0.0,0.5988372093023256,0.7435897435897436,1.0,0,1,0,0,0,1,0,0
1.0,1.0,1,0.0,0.2495366837457756,0.8780295047418335,0.6976744186046512,0.7435897435897436,1.0,1,1,0,0,0,1,0,0
1.0,0.0,1,0.0,0.2275155347214651,0.0,0.313953488372093,1.0000000000000002,0.0,0,1,0,0,0,0,1,0
1.0,1.0,0,0.0,0.1820560340128638,0.4660168598524762,0.5,0.7435897435897436,1.0,1,1,0,0,0,1,0,0
1.0,1.0,0,0.0,0.3676005668810639,0.0,0.4186046511627907,0.358974358974359,1.0,0,0,0,0,1,1,0,0
1.0,1.0,0,1.0,0.4572113812275155,0.1938883034773445,0.4534883720930233,0.7435897435897436,1.0,0,1,0,0,0,0,1,0
1.0,1.0,1,0.0,0.3648751771503324,0.5173867228661749,0.622093023255814,0.7435897435897436,1.0,1,1,0,0,0,1,0,0
1.0,1.0,1,0.0,0.2065845415894473,0.4265015806111696,0.5348837209302326,0.7435897435897436,1.0,1,0,0,1,0,1,0,0
1.0,1.0,1,0.0,0.3924561212253352,0.0,0.622093023255814,0.7435897435897436,1.0,1,0,1,0,0,0,1,0
1.0,0.0,0,0.0,0.2379810312874741,0.3822444678609062,0.5406976744186046,1.0000000000000002,0.0,0,1,0,0,0,0,0,1
1.0,1.0,1,0.0,0.485119372070206,0.0,0.3720930232558139,0.358974358974359,1.0,1,1,0,0,0,0,1,0
0.0,1.0,1,0.0,0.3788291725716777,0.0,0.5755813953488372,0.7435897435897436,1.0,1,1,0,0,0,0,1,0
1.0,1.0,1,1.0,0.2210836149569388,0.0,0.3313953488372093,0.6153846153846154,0.0,0,0,1,0,0,1,0,0
1.0,1.0,1,0.0,0.2434318107489371,0.5632244467860906,0.2848837209302325,0.7435897435897436,0.8337531486146096,1,1,0,0,0,1,0,0
1.0,0.0,0,0.0,0.516188815000545,0.0,0.2267441860465116,0.7435897435897436,1.0,1,1,0,0,0,1,0,0
1.0,1.0,0,0.0,0.6413387114357353,0.0,0.877906976744186,0.7435897435897436,1.0,0,1,0,0,0,0,0,1
1.0,0.0,1,0.0,0.4042298048620952,0.0,0.3895348837209302,0.7435897435897436,1.0,1,1,0,0,0,0,1,0
1.0,0.0,1,0.0,0.4405319960754387,0.0,0.6453488372093024,0.7435897435897436,1.0,1,1,0,0,0,1,0,0
1.0,1.0,1,0.0,0.3243213779570478,0.6804531085353003,0.936046511627907,0.7435897435897436,1.0,0,0,1,0,0,0,1,0
0.0,0.0,0,0.0,0.1915403902758094,0.6230242360379347,0.6453488372093024,0.7051589497632663,1.0,1,1,0,0,0,0,0,1
0.0,1.0,1,0.0,0.3560449144227624,0.7418335089567966,0.6046511627906976,0.7435897435897436,0.8337531486146096,1,1,0,0,0,0,1,0
1.0,1.0,0,0.0,0.2670881936116864,0.6585879873551106,0.4709302325581396,0.7435897435897436,1.0,1,0,1,0,0,0,1,0
1.0,0.0,1,0.0,0.5203314073912569,0.0,0.9127906976744186,0.7435897435897436,0.0,1,0,0,1,0,0,1,0
1.0,1.0,0,0.0,0.3652022239180202,0.2853003161222339,0.7325581395348837,0.7435897435897436,1.0,1,0,1,0,0,0,0,1
1.0,1.0,0,0.0,0.4106617246266216,0.0,0.6686046511627907,0.7435897435897436,1.0,1,0,0,1,0,0,1,0
0.0,0.0,0,0.0,0.4641883789381881,0.0,0.6453488372093024,0.7435897435897436,1.0,1,1,0,0,0,0,1,0
0.0,0.0,1,0.0,0.3372942330753297,0.0,0.4127906976744186,0.7435897435897436,1.0,1,1,0,0,0,0,0,1
1.0,0.0,0,0.0,0.4169846288019186,0.6667544783983139,0.2674418604651163,0.7435897435897436,1.0,1,1,0,0,0,1,0,0
1.0,0.0,1,0.0,0.253897307314946,0.0,0.2906976744186046,0.7435897435897436,1.0,1,1,0,0,0,0,0,1
1.0,0.0,1,0.0,0.3562629456012209,0.0,0.686046511627907,0.7435897435897436,1.0,0,1,0,0,0,0,1,0
1.0,1.0,1,0.0,0.357571132671972,0.3292939936775553,0.6918604651162791,0.7435897435897436,0.0,0,0,0,0,1,0,1,0
1.0,1.0,0,1.0,0.6053635669900795,0.0,0.7034883720930233,0.7435897435897436,1.0,1,0,0,0,1,1,0,0
1.0,1.0,1,0.0,0.3295541262400523,0.7958377239199157,0.7441860465116279,0.7435897435897436,1.0,1,1,0,0,0,0,0,1
1.0,1.0,0,0.0,0.4033576801482612,0.2589567966280295,0.5290697674418605,0.7435897435897436,1.0,1,0,0,0,1,0,1,0
1.0,1.0,1,0.0,0.0,0.4741833508956796,0.7325581395348837,0.7435897435897436,1.0,0,1,0,0,0,1,0,0
1.0,1.0,1,0.0,0.3899487626730622,0.4675974710221285,0.7093023255813954,0.7435897435897436,1.0,1,1,0,0,0,0,1,0
1.0,1.0,1,0.0,0.5287256077619099,0.0,0.3662790697674418,0.7435897435897436,0.0,0,0,0,1,0,0,1,0
0.0,1.0,1,0.0,0.4505614302845306,0.6277660695468914,0.686046511627907,0.7435897435897436,0.8337531486146096,1,0,0,1,0,0,1,0
1.0,1.0,1,0.0,0.225771285293797,0.0,0.2965116279069767,0.7435897435897436,0.0,0,1,0,0,0,0,0,1
1.0,1.0,1,0.0,0.4206911588357135,0.4523182297154899,0.622093023255814,0.7435897435897436,1.0,1,0,0,1,0,0,1,0
1.0,0.0,1,0.0,0.3075329772157418,0.7352476290832455,0.7848837209302325,0.7435897435897436,1.0,1,1,0,0,0,0,1,0
1.0,1.0,1,0.0,0.8097677967949417,0.2660695468914646,0.9651162790697676,0.7051589497632663,1.0,1,1,0,0,0,0,1,0
1.0,1.0,1,0.0,0.6649950942984847,0.0,0.6918604651162791,0.7435897435897436,1.0,1,1,0,0,0,0,1,0
1.0,1.0,1,0.0,0.3379483266107053,0.0,0.936046511627907,0.7435897435897436,1.0,0,1,0,0,0,1,0,0
1.0,1.0,0,1.0,0.499836476616156,0.0,0.75,0.7435897435897436,1.0,0,0,0,0,0,0,0,1
1.0,1.0,1,0.0,0.5023438351684291,0.0,0.8662790697674418,1.0000000000000002,1.0,1,0,0,0,0,0,1,0
1.0,1.0,1,0.0,0.2552054943856971,0.5410958904109588,0.5523255813953488,0.7435897435897436,1.0,1,0,1,0,0,0,1,0
1.0,1.0,1,0.0,0.3887495911915403,0.0,0.191860465116279,0.358974358974359,1.0,1,1,0,0,0,1,0,0
1.0,0.0,0,0.0,0.3312983756677204,0.684404636459431,0.6453488372093024,0.7051589497632663,1.0,1,1,0,0,0,1,0,0
1.0,1.0,1,0.0,0.3275918456339256,0.4686512118018967,0.7616279069767442,0.7435897435897436,1.0,1,0,1,0,0,0,1,0
1.0,1.0,1,0.0,0.5832334023765399,0.3319283456269757,0.936046511627907,0.7435897435897436,1.0,1,0,1,0,0,1,0,0
0.0,0.0,1,1.0,0.3611686471165376,0.0,0.6569767441860466,0.7435897435897436,0.8337531486146096,1,1,0,0,0,0,0,1
0.0,0.0,1,0.0,0.3992150877575493,0.0,0.5988372093023256,0.7435897435897436,1.0,1,0,1,0,0,1,0,0
1.0,1.0,1,0.0,0.3450343399106072,0.0,0.5058139534883721,0.7435897435897436,1.0,1,0,1,0,0,0,1,0
1.0,1.0,0,0.0,0.257276790581053,0.5223919915700738,0.7616279069767442,0.358974358974359,1.0,0,0,1,0,0,0,0,1
1.0,1.0,1,1.0,0.6649950942984847,0.3424657534246575,0.5755813953488372,0.7435897435897436,1.0,1,0,0,1,0,1,0,0
1.0,1.0,0,0.0,0.7040226752425597,0.0,0.7441860465116279,0.358974358974359,1.0,1,0,1,0,0,0,0,1
1.0,1.0,1,0.0,0.2978305897743377,0.4855110642781875,0.6627906976744186,1.0000000000000002,1.0,1,0,1,0,0,0,1,0
1.0,1.0,1,0.0,0.1808568625313419,0.4920969441517386,0.4709302325581396,0.7435897435897436,1.0,1,1,0,0,0,0,0,1
0.0,0.0,1,0.0,0.3572440859042843,0.0,0.75,0.7435897435897436,1.0,0,0,0,1,0,0,0,1
1.0,0.0,0,1.0,0.265234928594789,0.5708640674394099,0.5523255813953488,0.7435897435897436,1.0,1,1,0,0,0,1,0,0
1.0,0.0,0,0.0,0.6426468985064864,0.0,0.6162790697674418,0.7435897435897436,0.0,0,1,0,0,0,1,0,0
1.0,1.0,1,0.0,0.5559795050692249,0.0,0.4941860465116279,0.7435897435897436,1.0,0,0,0,0,1,0,0,1
1.0,1.0,0,0.0,0.521203532105091,0.0,0.6918604651162791,0.7435897435897436,0.8337531486146096,0,0,0,0,1,0,1,0
1.0,0.0,1,0.0,0.2082197754278862,0.5819283456269757,0.7267441860465116,0.7435897435897436,1.0,1,1,0,0,0,0,1,0
0.0,0.0,1,0.0,0.3631309277226643,0.0,0.8488372093023255,0.0512820512820512,1.0,0,0,1,0,0,0,1,0
0.0,0.0,1,0.0,0.7685599040662815,0.0,0.6453488372093024,0.7435897435897436,1.0,1,1,0,0,0,1,0,0
1.0,0.0,1,1.0,0.546822195573967,0.0,0.6918604651162791,0.7435897435897436,1.0,1,1,0,0,0,0,1,0
1.0,0.0,1,0.0,0.4300664995094298,0.9080611169652264,0.8255813953488372,0.7435897435897436,1.0,1,1,0,0,0,1,0,0
1.0,1.0,1,0.0,0.496893055706966,0.3653846153846153,0.8197674418604651,0.7435897435897436,1.0,1,0,0,1,0,0,1,0
1.0,1.0,1,0.0,0.4560122097459936,0.4770811380400421,0.877906976744186,0.7435897435897436,0.0,1,0,0,0,1,0,0,1
0.0,0.0,1,0.0,0.3562629456012209,0.0,0.7325581395348837,0.7435897435897436,1.0,0,1,0,0,0,1,0,0
0.0,0.0,1,0.0,0.2971764962389621,0.410958904109589,0.4709302325581396,0.7435897435897436,1.0,1,0,1,0,0,0,0,1
0.0,0.0,1,0.0,0.3365311239507249,0.0,0.1220930232558139,0.7435897435897436,1.0,1,1,0,0,0,0,0,1
1.0,0.0,1,0.0,0.2924888259021039,0.4891991570073761,0.6802325581395349,0.7435897435897436,1.0,1,1,0,0,0,1,0,0
1.0,1.0,1,0.0,0.2692685053962717,0.5856164383561644,0.8197674418604651,0.7435897435897436,1.0,1,1,0,0,0,0,1,0
1.0,1.0,1,0.0,0.4088084596097242,0.0,0.4709302325581396,0.7435897435897436,1.0,1,0,0,1,0,0,1,0
1.0,1.0,1,0.0,0.2834405319960754,0.4852476290832455,0.6162790697674418,0.7435897435897436,1.0,1,0,1,0,0,0,1,0
1.0,1.0,1,0.0,0.3219230349940041,0.3424657534246575,0.4127906976744186,0.7435897435897436,1.0,1,1,0,0,0,0,0,1
0.0,1.0,0,0.0,0.4306115774555761,0.0,0.6686046511627907,0.7435897435897436,0.8337531486146096,1,1,0,0,0,1,0,0
1.0,0.0,0,1.0,0.4254878447618009,0.6390937829293993,0.8662790697674418,0.7435897435897436,0.0,0,0,1,0,0,0,0,1
1.0,1.0,1,0.0,0.4117518805189142,0.2107481559536353,0.5988372093023256,0.7435897435897436,1.0,1,1,0,0,0,0,1,0
1.0,1.0,1,0.0,0.2344925324321378,0.2596944119599578,0.4011627906976744,0.358974358974359,1.0,1,0,0,1,0,0,0,1
0.0,0.0,1,0.0,0.1810748937098005,0.4388830347734457,0.2616279069767442,0.7435897435897436,1.0,1,1,0,0,0,0,0,1
1.0,0.0,1,0.0,0.3279188924016134,0.804267650158061,0.4651162790697675,0.7435897435897436,1.0,1,1,0,0,0,1,0,0
0.0,0.0,1,1.0,0.2670881936116864,0.4523182297154899,0.5232558139534884,0.6153846153846154,1.0,0,1,0,0,0,0,1,0
1.0,1.0,1,0.0,0.3874414041207892,0.5268703898840885,0.6453488372093024,0.7435897435897436,1.0,1,1,0,0,0,1,0,0
0.0,0.0,1,0.0,0.4332279515970784,0.0,0.6162790697674418,0.7435897435897436,1.0,1,1,0,0,0,0,1,0
1.0,1.0,1,0.0,0.3188705984955848,0.6364594309799789,0.7558139534883721,0.7435897435897436,1.0,1,1,0,0,0,1,0,0
1.0,1.0,1,0.0,0.4633162542243541,0.0,0.686046511627907,0.7435897435897436,0.0,0,0,0,1,0,0,1,0
1.0,1.0,1,0.0,0.3273738144554671,0.410958904109589,0.7267441860465116,0.7435897435897436,1.0,1,0,0,1,0,0,0,1
0.0,0.0,1,0.0,0.5741851084705113,0.0,0.7790697674418605,1.0000000000000002,0.0,0,0,0,0,0,0,0,1
1.0,1.0,1,0.0,0.2434318107489371,0.8782929399367755,0.9476744186046512,0.7435897435897436,1.0,1,1,0,0,0,0,1,0
1.0,1.0,1,0.0,0.4650605036520222,0.3292939936775553,0.5872093023255814,0.7435897435897436,1.0,1,0,0,0,1,0,0,1
0.0,1.0,1,0.0,0.4923144009593372,0.0,0.7325581395348837,0.7435897435897436,1.0,1,0,1,0,0,0,0,1
0.0,0.0,1,0.0,0.5287256077619099,0.6693888303477344,0.8255813953488372,1.0000000000000002,1.0,0,1,0,0,0,1,0,0
1.0,1.0,1,0.0,0.2032050583233402,0.7705479452054794,0.6046511627906976,0.7435897435897436,1.0,0,0,1,0,0,0,0,1
1.0,1.0,0,0.0,0.1798757222282786,0.7729188619599578,0.4883720930232558,0.7435897435897436,0.0,0,1,0,0,0,0,0,1
1.0,1.0,0,0.0,0.2970674806497329,0.4610115911485774,0.5581395348837209,0.7435897435897436,1.0,1,0,0,0,0,0,1,0
0.0,0.0,1,0.0,0.5287256077619099,0.0,0.7151162790697675,0.7435897435897436,1.0,1,1,0,0,0,1,0,0
1.0,1.0,1,0.0,0.1607979941131581,0.4749736564805057,0.5058139534883721,0.7435897435897436,1.0,1,0,1,0,0,0,0,1
1.0,0.0,1,0.0,0.4197100185326501,0.6585879873551106,0.7616279069767442,0.7435897435897436,1.0,1,1,0,0,0,1,0,0
0.0,0.0,1,0.0,0.3937643082960863,0.4388830347734457,0.7325581395348837,0.7435897435897436,1.0,1,1,0,0,0,1,0,0
0.0,0.0,1,0.0,0.2452850757658345,0.4907797681770284,0.5523255813953488,0.7435897435897436,0.0,0,1,0,0,0,0,0,1
0.0,0.0,1,0.0,0.3016461353973618,0.0,0.436046511627907,0.7435897435897436,1.0,1,1,0,0,0,0,1,0
1.0,0.0,0,0.0,0.3027362912896544,0.6335616438356164,0.5930232558139535,0.7435897435897436,1.0,1,1,0,0,0,0,1,0
0.0,0.0,1,0.0,0.2569497438133653,0.0,0.2732558139534884,0.7435897435897436,1.0,1,1,0,0,0,1,0,0
1.0,1.0,1,1.0,0.6100512373269378,0.0,0.7848837209302325,0.1538461538461538,0.8337531486146096,1,0,0,1,0,1,0,0
1.0,1.0,1,0.0,0.2532432137795705,0.4855110642781875,0.872093023255814,0.7435897435897436,1.0,0,1,0,0,0,1,0,0
1.0,1.0,0,0.0,0.354191649405865,0.4320337197049525,0.5930232558139535,0.358974358974359,1.0,1,0,1,0,0,0,0,1
1.0,1.0,1,0.0,0.3888586067807696,0.0,0.6453488372093024,0.7435897435897436,1.0,1,0,0,1,0,0,1,0
1.0,1.0,1,0.0,0.2080017442494277,0.5621707060063224,0.4593023255813954,0.7435897435897436,0.8337531486146096,1,1,0,0,0,0,0,1
0.0,0.0,1,0.0,0.3696718630764199,0.0,0.5988372093023256,0.7435897435897436,0.8337531486146096,1,0,1,0,0,0,1,0
1.0,1.0,1,0.0,0.2452850757658345,0.5708640674394099,0.6162790697674418,0.7435897435897436,1.0,1,1,0,0,0,0,1,0
1.0,1.0,1,0.0,0.456993350049057,0.0497892518440463,0.6686046511627907,0.7435897435897436,1.0,1,0,0,0,1,0,1,0
0.0,0.0,1,0.0,0.3287910171154475,0.786354056902002,0.7151162790697675,0.7435897435897436,0.8337531486146096,1,1,0,0,0,1,0,0
1.0,0.0,1,0.0,0.5196773138558813,0.0,0.7034883720930233,0.7435897435897436,0.0,1,1,0,0,0,1,0,0
0.0,1.0,1,0.0,0.4560122097459936,0.6456796628029504,0.5872093023255814,0.7435897435897436,1.0,0,1,0,0,0,0,0,1
0.0,0.0,1,0.0,0.2561866346887604,0.0,0.3372093023255814,0.7435897435897436,1.0,1,1,0,0,0,0,0,1
1.0,0.0,1,0.0,0.4615720047966859,0.4723393045310853,0.627906976744186,0.7435897435897436,1.0,1,0,1,0,0,0,0,1
1.0,0.0,1,0.0,0.3036084160034885,0.0,0.5174418604651163,0.7435897435897436,1.0,1,1,0,0,0,0,1,0
1.0,0.0,1,0.0,0.2924888259021039,0.0,0.3604651162790698,0.7435897435897436,1.0,1,0,0,0,0,0,0,1
1.0,1.0,1,0.0,0.5559795050692249,0.1812434141201264,0.877906976744186,0.7435897435897436,1.0,1,0,1,0,0,1,0,0
0.0,0.0,1,0.0,0.4371525128093317,0.0,0.3604651162790698,0.7435897435897436,1.0,1,1,0,0,0,0,1,0
1.0,1.0,0,0.0,0.2722119263054616,0.4180716543730242,0.9534883720930232,0.7435897435897436,1.0,0,0,0,0,1,1,0,0
0.0,0.0,1,0.0,0.2428867328027908,0.0,0.2151162790697674,0.7435897435897436,1.0,0,1,0,0,0,1,0,0
1.0,1.0,0,0.0,0.48010465496566,0.3237618545837724,0.8662790697674418,0.7435897435897436,1.0,1,0,1,0,0,0,0,1
1.0,1.0,0,0.0,0.3295541262400523,0.0,0.377906976744186,0.7435897435897436,1.0,1,0,0,0,1,0,1,0
1.0,1.0,1,0.0,0.265234928594789,0.6138040042149631,0.6744186046511628,0.7435897435897436,1.0,1,0,0,1,0,1,0,0
1.0,1.0,1,0.0,0.2560776190995312,0.6475237091675448,0.877906976744186,0.7435897435897436,1.0,1,1,0,0,0,0,1,0
1.0,1.0,0,0.0,0.3677095824702932,0.8508956796628029,0.8313953488372093,0.7435897435897436,0.0,0,0,0,0,0,1,0,0
1.0,1.0,0,0.0,0.3197427232094189,0.5711275026343519,0.6802325581395349,0.7435897435897436,1.0,1,0,0,1,0,0,0,1
1.0,1.0,1,0.0,0.2742832225008176,0.5487355110642782,0.5,0.7435897435897436,1.0,1,0,0,0,1,1,0,0
0.0,1.0,1,1.0,0.5832334023765399,0.0,0.5581395348837209,0.7435897435897436,0.0,0,1,0,0,0,1,0,0
0.0,1.0,1,0.0,0.2477924343181075,0.1330347734457323,0.7034883720930233,0.7435897435897436,1.0,1,1,0,0,0,0,1,0
0.0,0.0,1,0.0,0.3993241033467786,0.0,0.622093023255814,0.358974358974359,1.0,1,0,0,0,0,0,0,1
1.0,1.0,1,0.0,0.8920745666630328,0.8342992623814541,0.9069767441860466,0.7435897435897436,1.0,1,0,0,1,0,1,0,0
1.0,1.0,1,0.0,0.4060830698789927,0.0,0.3372093023255814,0.7435897435897436,1.0,0,0,1,0,0,0,0,1
1.0,1.0,0,0.0,0.3106944293033903,0.4388830347734457,0.5290697674418605,1.0000000000000002,0.0,0,1,0,0,0,0,0,1
0.0,0.0,1,0.0,0.4985282895454049,0.0,0.4186046511627907,0.7435897435897436,1.0,0,0,1,0,0,0,1,0
1.0,1.0,1,0.0,0.501471710454595,0.6145943097997892,0.7034883720930233,0.7435897435897436,1.0,1,1,0,0,0,0,0,1
1.0,1.0,1,0.0,0.3121116319633707,0.7989989462592202,0.5,0.6153846153846154,0.8337531486146096,1,1,0,0,0,0,0,1
1.0,0.0,1,1.0,0.7273520113376213,0.0,0.7674418604651163,0.7435897435897436,1.0,1,1,0,0,0,1,0,0
1.0,0.0,0,0.0,0.6612885642646898,0.0,0.7209302325581396,0.7435897435897436,1.0,0,1,0,0,0,1,0,0
1.0,0.0,1,0.0,0.2561866346887604,0.0,0.5058139534883721,1.0000000000000002,1.0,0,1,0,0,0,0,1,0
1.0,0.0,1,0.0,0.5422435408263382,0.0,0.6686046511627907,0.7051589497632663,0.0,0,1,0,0,0,1,0,0
1.0,1.0,1,0.0,0.6731712634906791,0.0,0.9651162790697676,0.7435897435897436,1.0,1,0,1,0,0,0,1,0
1.0,1.0,1,0.0,0.548893491769323,0.0,0.8488372093023255,0.7435897435897436,1.0,1,0,0,1,0,0,1,0
1.0,0.0,1,0.0,0.3174533958356044,0.5234457323498419,0.5930232558139535,0.358974358974359,0.0,0,0,1,0,0,0,0,1
0.0,0.0,1,0.0,0.284966750245285,0.3843519494204425,0.5872093023255814,0.7435897435897436,1.0,1,1,0,0,0,0,0,1
1.0,1.0,1,0.0,0.5087757549329553,0.2431506849315068,0.6453488372093024,0.358974358974359,1.0,1,1,0,0,0,0,0,1
1.0,1.0,1,0.0,0.4535048511937207,0.0,0.7034883720930233,0.7435897435897436,0.8337531486146096,1,1,0,0,0,0,1,0
1.0,0.0,1,0.0,0.3182165049602093,0.0,0.3604651162790698,1.0000000000000002,1.0,0,1,0,0,0,0,0,1
1.0,1.0,1,0.0,0.5713507031505505,0.0,0.7034883720930233,0.7435897435897436,1.0,1,0,0,1,0,0,0,1
1.0,1.0,1,0.0,0.3469966205167338,0.6585879873551106,0.6918604651162791,0.7435897435897436,1.0,1,1,0,0,0,0,1,0
0.0,0.0,1,0.0,0.6377411969911697,0.0,0.8546511627906976,0.7435897435897436,1.0,1,1,0,0,0,0,0,1
1.0,0.0,1,1.0,0.7649623896217159,0.0,0.6918604651162791,0.7435897435897436,1.0,1,1,0,0,0,0,0,1
1.0,1.0,1,0.0,0.4814128420364112,0.0,0.5290697674418605,0.7435897435897436,1.0,0,0,0,1,0,0,0,1
1.0,0.0,1,0.0,0.3834078273193066,0.0,0.6046511627906976,0.358974358974359,1.0,1,0,1,0,0,0,0,1
1.0,0.0,0,0.0,0.2393982339474545,0.4214963119072707,0.7151162790697675,0.7435897435897436,1.0,1,1,0,0,0,0,1,0
1.0,1.0,1,0.0,0.2379810312874741,0.6367228661749209,0.7383720930232558,0.7435897435897436,1.0,1,1,0,0,0,0,0,1
1.0,1.0,1,0.0,0.5819252153057887,0.0,0.6744186046511628,0.7435897435897436,1.0,1,1,0,0,0,1,0,0
1.0,1.0,1,0.0,0.265234928594789,0.5571654373024235,0.6453488372093024,0.7435897435897436,0.8337531486146096,1,1,0,0,0,0,0,1
1.0,1.0,0,0.0,0.2009157309495257,0.4280821917808219,0.6046511627906976,0.358974358974359,1.0,1,0,0,1,0,0,1,0
1.0,1.0,1,0.0,0.3215959882263163,0.3688092729188619,0.6046511627906976,0.7435897435897436,1.0,1,0,0,1,0,0,0,1
1.0,1.0,1,0.0,0.340782731930666,0.1275026343519494,0.7325581395348837,0.7435897435897436,0.8337531486146096,1,0,0,1,0,0,1,0
0.0,0.0,1,0.0,0.3303172353646571,0.0,0.3604651162790698,0.7435897435897436,0.0,0,1,0,0,0,0,0,1
1.0,1.0,1,0.0,0.3142919437479559,0.3843519494204425,0.5,0.7435897435897436,1.0,1,1,0,0,0,0,0,1
1.0,0.0,0,0.0,0.4090264907881827,0.4388830347734457,0.5813953488372093,0.7435897435897436,1.0,1,1,0,0,0,1,0,0
0.0,0.0,1,0.0,0.1471710454595007,0.4741833508956796,0.5465116279069767,0.7435897435897436,0.0,0,1,0,0,0,0,1,0
1.0,1.0,0,0.0,0.2985936988989425,0.0,0.2093023255813954,0.358974358974359,0.0,0,0,0,1,0,0,0,1
1.0,0.0,0,0.0,0.2839856099422217,0.0,0.3255813953488372,0.6153846153846154,1.0,0,1,0,0,0,1,0,0
0.0,0.0,0,0.0,0.197645263272648,0.0,0.2558139534883721,0.7435897435897436,1.0,1,1,0,0,0,0,1,0
0.0,0.0,1,0.0,0.4793415458410552,0.0,0.6162790697674418,0.7435897435897436,1.0,1,1,0,0,0,0,1,0
1.0,1.0,0,0.0,0.219884443475417,0.6322444678609062,0.6162790697674418,0.7435897435897436,1.0,1,1,0,0,0,0,0,1
0.0,0.0,0,0.0,0.2248991605799629,0.0,0.3313953488372093,0.7435897435897436,1.0,1,1,0,0,0,1,0,0
1.0,1.0,1,0.0,0.8884770522184672,0.0,0.8313953488372093,0.6153846153846154,0.0,0,0,1,0,0,0,1,0
0.0,0.0,0,1.0,0.4052109451651586,0.0,0.3081395348837209,0.7435897435897436,1.0,0,0,1,0,0,0,1,0
1.0,1.0,1,0.0,0.6656491878338602,0.0,0.877906976744186,0.7435897435897436,0.8337531486146096,1,1,0,0,0,0,0,1
1.0,1.0,0,0.0,0.2292597841491333,0.5355637513171759,0.5872093023255814,0.7435897435897436,1.0,1,1,0,0,0,1,0,0
0.0,1.0,0,0.0,0.2179221628692903,0.8527397260273972,0.9825581395348838,0.7435897435897436,0.0,0,1,0,0,0,0,1,0
0.0,0.0,1,0.0,0.3101493513572441,0.0,0.2965116279069767,0.7435897435897436,1.0,1,1,0,0,0,0,0,1
0.0,0.0,1,0.0,0.2670881936116864,0.0,0.877906976744186,0.7435897435897436,1.0,0,0,1,0,0,0,0,1
1.0,1.0,1,0.0,0.0953886405756023,0.7305057955742886,0.5988372093023256,0.7435897435897436,1.0,1,1,0,0,0,1,0,0
1.0,1.0,1,0.0,0.3375122642537883,0.3732876712328767,0.75,0.7435897435897436,1.0,1,1,0,0,0,0,1,0
1.0,1.0,1,0.0,0.6190995312329663,0.0,0.75,0.7435897435897436,1.0,1,1,0,0,0,1,0,0
0.0,0.0,0,0.0,0.2801700643191976,0.0,0.4127906976744186,0.7051589497632663,0.0,0,1,0,0,0,0,0,1
1.0,1.0,1,0.0,0.1820560340128638,0.452845100105374,0.5290697674418605,0.7435897435897436,1.0,1,1,0,0,0,0,0,1
1.0,1.0,1,0.0,0.7740106835277445,0.4391464699683877,0.5872093023255814,0.7051589497632663,0.0,0,0,1,0,0,0,0,1
0.0,0.0,0,0.0,0.4857734656055815,0.0,0.4186046511627907,0.7435897435897436,1.0,0,0,1,0,0,1,0,0
1.0,1.0,1,0.0,0.6306551836912678,0.0,0.7209302325581396,0.7435897435897436,1.0,1,0,0,1,0,0,1,0
1.0,1.0,1,0.0,0.3019731821650496,0.0042465755637513,0.4534883720930233,0.7435897435897436,1.0,1,1,0,0,0,1,0,0
1.0,0.0,0,0.0,0.2798430175515098,0.0,0.2965116279069767,0.358974358974359,1.0,1,1,0,0,0,0,0,1
0.0,0.0,1,1.0,0.9237981031287474,0.0,0.8197674418604651,0.7435897435897436,1.0,1,0,1,0,0,0,1,0
1.0,0.0,1,0.0,0.6922489916057996,0.0,0.5581395348837209,0.7435897435897436,0.0,0,1,0,0,0,1,0,0
1.0,1.0,1,0.0,0.248010465496566,0.6164383561643835,0.7790697674418605,0.7435897435897436,1.0,1,1,0,0,0,0,1,0
1.0,0.0,1,0.0,0.3924561212253352,0.0,0.5290697674418605,0.7435897435897436,1.0,1,1,0,0,0,0,0,1
1.0,0.0,1,0.0,0.1936116864711654,0.4876185458377239,0.2383720930232558,0.7435897435897436,1.0,1,1,0,0,0,0,1,0
0.0,1.0,0,1.0,0.7622369998909844,0.0,0.75,0.7435897435897436,1.0,1,1,0,0,0,1,0,0
1.0,1.0,1,0.0,0.8449798321159926,0.4828767123287671,0.994186046511628,0.7435897435897436,1.0,1,1,0,0,0,1,0,0
1.0,0.0,0,0.0,0.4967840401177368,0.5250263435194942,0.8081395348837209,0.7435897435897436,1.0,1,0,0,0,1,0,1,0
1.0,1.0,1,1.0,0.3614956938842254,0.3187565858798735,0.7034883720930233,0.7435897435897436,1.0,1,0,1,0,0,1,0,0
1.0,1.0,0,0.0,0.4907881827101275,0.0,0.5872093023255814,0.7435897435897436,1.0,1,0,0,1,0,1,0,0
1.0,1.0,1,0.0,0.3694538318979614,0.3624868282402528,0.2674418604651163,0.7435897435897436,1.0,0,1,0,0,0,1,0,0
1.0,1.0,1,0.0,0.3477597296413386,0.4504741833508957,0.8197674418604651,0.7435897435897436,0.0,0,0,0,1,0,1,0,0
1.0,1.0,0,0.0,0.2353646571459719,0.3306111696522655,0.6744186046511628,0.7435897435897436,0.0,0,0,0,1,0,1,0,0
1.0,1.0,0,0.0,0.1971001853265017,0.3835616438356164,0.2965116279069767,0.6153846153846154,0.8337531486146096,1,0,0,1,0,0,0,1
1.0,1.0,1,0.0,0.4140412078927286,0.4565331928345627,0.813953488372093,0.7435897435897436,0.0,0,1,0,0,0,1,0,0
1.0,1.0,1,0.0,0.254333369671863,0.6496311907270811,0.4709302325581396,0.358974358974359,0.0,1,1,0,0,0,1,0,0
1.0,0.0,1,1.0,0.7560231113049166,0.0,0.436046511627907,0.7435897435897436,1.0,1,1,0,0,0,0,1,0
1.0,1.0,1,0.0,0.4043388204513245,0.0,0.5058139534883721,0.7435897435897436,1.0,1,0,0,1,0,0,1,0
1.0,1.0,1,0.0,0.4525237108906573,0.0,0.6337209302325582,0.7435897435897436,1.0,1,1,0,0,0,0,0,1
1.0,1.0,1,0.0,0.3878774664777062,0.6767650158061117,0.9534883720930232,0.7435897435897436,1.0,0,1,0,0,0,0,0,1
1.0,0.0,1,0.0,0.4583015371198081,0.0,0.7383720930232558,0.7435897435897436,1.0,1,0,0,1,0,1,0,0
1.0,1.0,1,0.0,0.892183582252262,0.0,0.877906976744186,0.7435897435897436,1.0,0,1,0,0,0,0,1,0
1.0,1.0,1,0.0,0.8274283222500818,0.0,0.6918604651162791,0.358974358974359,1.0,1,0,0,0,1,0,0,1
1.0,1.0,1,0.0,0.3123296631418292,0.5763962065331928,0.8372093023255814,0.7435897435897436,1.0,1,1,0,0,0,1,0,0
0.0,0.0,0,0.0,0.5495475853046986,0.0,0.7151162790697675,0.7435897435897436,1.0,1,0,1,0,0,0,1,0
1.0,0.0,1,0.0,0.4378066063447072,0.0,0.5174418604651163,0.7435897435897436,0.0,0,1,0,0,0,0,1,0
1.0,0.0,1,0.0,0.6377411969911697,0.0,0.7616279069767442,0.7435897435897436,1.0,1,1,0,0,0,1,0,0
1.0,1.0,0,0.0,0.3049166030742396,0.4383561643835616,0.3546511627906977,0.358974358974359,0.0,0,0,0,0,1,0,0,1
0.0,1.0,0,0.0,0.0065409353537555,0.7684404636459431,0.5174418604651163,0.7435897435897436,1.0,1,0,0,1,0,0,1,0
1.0,1.0,1,0.0,0.4560122097459936,0.6456796628029504,0.5872093023255814,0.7435897435897436,1.0,0,1,0,0,0,0,0,1
1.0,1.0,1,1.0,0.3597514444565572,0.5476817702845099,0.8895348837209303,0.7435897435897436,1.0,1,0,1,0,0,0,1,0
1.0,1.0,0,0.0,0.2728660198408372,0.3951527924130663,0.6046511627906976,0.358974358974359,0.0,0,0,1,0,0,1,0,0
1.0,1.0,1,0.0,0.4950397906900686,0.0,0.5290697674418605,0.7435897435897436,1.0,1,0,0,0,1,0,1,0
0.0,0.0,1,1.0,0.2561866346887604,0.0,0.4883720930232558,0.7435897435897436,0.8337531486146096,1,1,0,0,0,0,0,1
1.0,1.0,1,0.0,0.2968494494712744,0.4931506849315068,0.7151162790697675,0.7435897435897436,0.0,0,0,0,1,0,0,1,0
0.0,0.0,0,0.0,0.4578654747628911,0.0,0.8430232558139535,0.7435897435897436,1.0,1,1,0,0,0,1,0,0
1.0,1.0,0,0.0,0.32105091028017,0.0,0.6046511627906976,0.7435897435897436,1.0,1,0,0,0,1,1,0,0
1.0,1.0,1,0.0,0.2107271339801591,0.8298208640674394,0.6918604651162791,0.7435897435897436,1.0,1,1,0,0,0,0,1,0
1.0,1.0,0,0.0,0.1971001853265017,0.6417281348788197,0.7093023255813954,0.7435897435897436,1.0,1,0,1,0,0,1,0,0
1.0,0.0,1,0.0,0.3703259566117954,0.0,0.4127906976744186,0.7435897435897436,0.0,0,0,0,1,0,1,0,0
1.0,1.0,1,1.0,0.4832661070533086,0.5487355110642782,0.877906976744186,0.7435897435897436,1.0,1,0,0,1,0,0,1,0
1.0,0.0,1,0.0,0.2491006213888586,0.0,0.3837209302325581,0.7435897435897436,1.0,0,1,0,0,0,0,0,1
1.0,0.0,0,0.0,0.2778807369453832,0.7336670179135932,0.5058139534883721,0.7435897435897436,0.8337531486146096,1,1,0,0,0,0,1,0
1.0,0.0,0,0.0,0.3860242014608089,0.0,0.5872093023255814,0.7435897435897436,1.0,1,1,0,0,0,1,0,0
1.0,1.0,1,0.0,0.3757767360732584,0.5682297154899895,0.6395348837209303,0.7435897435897436,0.0,0,1,0,0,0,1,0,0
0.0,1.0,1,0.0,0.346233511392129,0.2405163329820863,0.5581395348837209,0.1538461538461538,1.0,1,0,1,0,0,0,1,0
1.0,1.0,0,0.0,0.2670881936116864,0.4478398314014752,0.5697674418604651,0.7435897435897436,1.0,1,1,0,0,0,1,0,0
1.0,1.0,1,0.0,0.4878447618009375,0.7526343519494204,0.5930232558139535,0.0,0.8337531486146096,1,1,0,0,0,0,0,1
1.0,1.0,1,1.0,0.2992477924343181,0.0,0.5,0.7435897435897436,1.0,1,0,1,0,0,0,1,0
0.0,0.0,1,0.0,0.0539627166684835,0.970231822971549,0.6046511627906976,1.0000000000000002,1.0,1,1,0,0,0,1,0,0
0.0,0.0,1,0.0,0.3280279079908427,0.0,0.5290697674418605,0.7435897435897436,1.0,1,1,0,0,0,0,1,0
1.0,1.0,0,0.0,0.3994331189360078,0.3906743940990516,0.6686046511627907,0.6153846153846154,1.0,1,1,0,0,0,0,1,0
1.0,0.0,1,0.0,0.3742505178240488,0.0,0.5058139534883721,0.7435897435897436,1.0,0,1,0,0,0,0,0,1
1.0,0.0,0,0.0,0.3758857516624877,0.3390410958904109,0.5290697674418605,0.7435897435897436,1.0,0,1,0,0,0,1,0,0
1.0,1.0,1,0.0,0.3415458410552708,0.53609062170706,0.8081395348837209,0.7435897435897436,1.0,1,0,0,1,0,0,0,1
1.0,1.0,1,0.0,0.3614956938842254,0.9030558482613276,0.8197674418604651,0.7435897435897436,1.0,1,0,0,0,1,1,0,0
0.0,1.0,1,0.0,0.2050583233402376,0.4299262381454162,0.6046511627906976,1.0000000000000002,1.0,1,0,0,1,0,0,1,0
1.0,1.0,0,0.0,0.3187615829063556,0.4741833508956796,0.6627906976744186,0.7435897435897436,0.0,0,0,0,0,0,0,1,0
0.0,0.0,0,0.0,0.3543006649950942,0.0,0.5,0.7435897435897436,1.0,0,1,0,0,0,1,0,0
1.0,1.0,0,0.0,0.2226098332061485,0.458904109589041,0.2093023255813954,0.7435897435897436,1.0,1,0,0,1,0,0,1,0
1.0,0.0,1,0.0,0.2561866346887604,0.0,0.2674418604651163,0.7435897435897436,1.0,1,1,0,0,0,0,1,0
1.0,1.0,1,1.0,0.6025291616701188,0.375131717597471,0.5290697674418605,0.7435897435897436,1.0,1,0,0,0,1,1,0,0
1.0,1.0,1,0.0,0.3951815109560667,0.0,0.5872093023255814,0.7435897435897436,1.0,1,1,0,0,0,0,1,0
1.0,1.0,0,0.0,0.559795050692249,0.3767123287671232,0.8837209302325582,0.7435897435897436,0.0,1,0,1,0,0,0,1,0
1.0,0.0,0,0.0,0.2757004251607979,0.3429926238145416,0.4941860465116279,0.7435897435897436,1.0,1,0,1,0,0,0,1,0
1.0,0.0,0,0.0,0.7231004033576801,0.0,0.7034883720930233,0.7435897435897436,1.0,1,1,0,0,0,0,1,0
1.0,1.0,1,0.0,0.4503433991060721,0.0,0.5290697674418605,0.7435897435897436,1.0,1,0,0,0,1,0,0,1
1.0,0.0,1,0.0,0.3747955957701951,0.0,0.5872093023255814,0.7435897435897436,0.0,0,0,0,1,0,1,0,0
1.0,0.0,0,0.0,0.2616374141502234,0.5379346680716544,0.6802325581395349,0.7435897435897436,1.0,1,1,0,0,0,1,0,0
1.0,0.0,1,0.0,0.3779570478578437,0.0,0.5697674418604651,0.7435897435897436,1.0,1,0,0,1,0,0,1,0
1.0,1.0,0,0.0,0.3016461353973618,0.1412012644889357,0.3313953488372093,0.7435897435897436,1.0,0,1,0,0,0,1,0,0
1.0,1.0,1,0.0,0.6832006976997711,0.0,0.8604651162790697,0.358974358974359,1.0,1,0,0,0,1,1,0,0
0.0,1.0,1,0.0,0.4859914967840401,0.7494731296101158,0.7616279069767442,0.358974358974359,1.0,1,0,1,0,0,0,1,0
0.0,0.0,1,0.0,0.2167229913877684,0.0,0.5232558139534884,0.7435897435897436,0.0,0,1,0,0,0,0,1,0
0.0,0.0,1,0.0,0.3817725934808677,0.0,0.5,0.7435897435897436,1.0,1,0,1,0,0,0,1,0
1.0,1.0,0,0.0,0.2277335658999237,0.6649104320337197,0.6918604651162791,0.7435897435897436,1.0,1,0,1,0,0,0,0,1
0.0,1.0,0,0.0,0.3125476943202878,0.1746575342465753,0.5406976744186046,0.7435897435897436,0.8337531486146096,1,1,0,0,0,0,1,0
1.0,1.0,1,0.0,0.285402812602202,0.5136986301369862,0.8488372093023255,0.7435897435897436,1.0,1,1,0,0,0,1,0,0
1.0,0.0,0,0.0,0.3497220102474653,0.0,0.4127906976744186,0.0512820512820512,1.0,0,1,0,0,0,0,1,0
1.0,0.0,1,0.0,0.2590210400087212,0.4697049525816649,0.7906976744186046,0.7435897435897436,1.0,1,1,0,0,0,1,0,0
0.0,0.0,1,0.0,0.5287256077619099,0.0,0.5465116279069767,0.7435897435897436,0.0,0,1,0,0,0,0,1,0
1.0,1.0,1,0.0,0.2872560776190995,0.5310853530031612,0.5872093023255814,0.7435897435897436,1.0,1,1,0,0,0,1,0,0
1.0,1.0,1,0.0,0.3469966205167338,0.8561643835616438,0.8662790697674418,0.7435897435897436,1.0,1,0,1,0,0,0,0,1
1.0,1.0,0,0.0,0.2511719175842145,0.6145943097997892,1.0,0.7435897435897436,0.0,0,1,0,0,0,0,0,1
1.0,1.0,1,0.0,0.5797449035212036,0.2718651211801896,0.0988372093023255,0.7435897435897436,1.0,1,0,1,0,0,0,1,0
0.0,0.0,1,0.0,0.2743922380900468,0.4280821917808219,0.436046511627907,0.7435897435897436,0.8337531486146096,1,1,0,0,0,0,0,1
1.0,1.0,1,0.0,0.4073912569497438,0.703108535300316,0.8895348837209303,0.7435897435897436,1.0,1,1,0,0,0,0,1,0
1.0,1.0,0,0.0,0.3842799520331407,0.0637513171759747,0.5755813953488372,0.7435897435897436,1.0,1,0,0,1,0,0,1,0
1.0,0.0,0,1.0,0.6159380791453177,0.0,0.7151162790697675,0.7435897435897436,1.0,1,1,0,0,0,0,1,0
1.0,1.0,0,0.0,0.4706202987027145,0.0,0.6453488372093024,0.7435897435897436,0.8337531486146096,1,1,0,0,0,1,0,0
1.0,0.0,1,0.0,0.3469966205167338,0.0,0.3546511627906977,0.7435897435897436,1.0,1,1,0,0,0,0,0,1
1.0,1.0,1,0.0,0.3543006649950942,0.6585879873551106,0.6627906976744186,0.7435897435897436,0.0,0,0,0,0,1,1,0,0
0.0,0.0,1,0.0,0.2428867328027908,0.0,0.0,0.7435897435897436,1.0,0,1,0,0,0,0,0,1
1.0,1.0,1,0.0,0.3287910171154475,0.5437302423603793,0.5523255813953488,0.7435897435897436,0.0,0,1,0,0,0,0,0,1
1.0,1.0,1,0.0,0.5413714161125041,0.3822444678609062,0.9069767441860466,0.7435897435897436,0.0,0,0,0,0,0,0,0,1
1.0,1.0,1,0.0,0.6820015262182492,0.0,0.8197674418604651,0.7435897435897436,1.0,0,0,0,0,1,0,1,0
1.0,1.0,1,0.0,0.3280279079908427,0.1214436248682823,0.5755813953488372,0.1538461538461538,1.0,1,0,0,1,0,0,0,1
1.0,1.0,1,0.0,0.3201787855663359,0.5821917808219178,0.7383720930232558,0.7435897435897436,0.0,0,1,0,0,0,0,1,0
1.0,0.0,1,0.0,0.3356589992368908,0.7215489989462591,0.5872093023255814,0.7435897435897436,1.0,1,1,0,0,0,0,0,1
1.0,1.0,1,0.0,0.1779134416221519,0.5879873551106427,0.5697674418604651,0.7435897435897436,1.0,1,0,1,0,0,1,0,0
1.0,0.0,1,0.0,0.3305352665431156,0.7684404636459431,0.8837209302325582,0.7435897435897436,1.0,1,1,0,0,0,0,0,1
0.0,1.0,1,0.0,0.3287910171154475,0.0,0.1569767441860465,0.7435897435897436,1.0,1,1,0,0,0,0,1,0
1.0,1.0,1,0.0,0.1885969693666194,0.0,0.3023255813953489,0.7435897435897436,0.8337531486146096,0,0,1,0,0,1,0,0
1.0,1.0,1,0.0,0.287474108797558,0.5050052687038988,0.7965116279069767,0.7435897435897436,0.0,0,0,1,0,0,1,0,0
1.0,1.0,1,0.0,0.4505614302845306,0.7903055848261327,0.9476744186046512,0.1538461538461538,1.0,0,0,1,0,0,1,0,0
1.0,1.0,1,0.0,0.2340564700752207,0.4009483667017913,0.5523255813953488,0.7435897435897436,1.0,1,1,0,0,0,0,0,1
0.0,0.0,0,0.0,0.2196664122969584,0.0,0.3546511627906977,0.7435897435897436,1.0,1,1,0,0,0,0,1,0
1.0,0.0,1,0.0,0.501471710454595,0.0,0.4941860465116279,0.7435897435897436,1.0,1,1,0,0,0,0,1,0
1.0,1.0,1,1.0,0.2808241578545732,0.0,0.563953488372093,0.7435897435897436,0.0,0,0,0,1,0,0,1,0
1.0,1.0,1,0.0,0.3106944293033903,0.8998946259220231,0.2732558139534884,0.358974358974359,1.0,1,1,0,0,0,0,1,0
1.0,1.0,1,0.0,0.4043388204513245,0.869336143308746,0.7732558139534884,0.358974358974359,1.0,1,1,0,0,0,1,0,0
1.0,0.0,0,0.0,0.4015044151313637,0.0,0.5872093023255814,0.7435897435897436,1.0,1,1,0,0,0,1,0,0
1.0,0.0,1,0.0,0.30927722664341,0.0,0.4593023255813954,0.7435897435897436,0.0,0,0,0,0,0,0,1,0
1.0,1.0,0,0.0,0.2991387768450888,0.7355110642781875,0.8488372093023255,0.7435897435897436,1.0,1,1,0,0,0,1,0,0
1.0,1.0,1,0.0,0.6053635669900795,0.0,0.6918604651162791,0.7435897435897436,1.0,1,0,0,0,1,0,0,1
1.0,1.0,1,0.0,0.3543006649950942,0.6585879873551106,0.9534883720930232,0.7435897435897436,1.0,1,0,1,0,0,0,1,0
1.0,1.0,0,0.0,0.4182928158726697,0.3717070600632244,0.8604651162790697,0.7435897435897436,1.0,1,0,0,1,0,1,0,0
1.0,1.0,1,0.0,0.3359860460045786,0.5136986301369862,0.5755813953488372,0.7435897435897436,1.0,1,1,0,0,0,1,0,0
0.0,0.0,1,0.0,0.2997928703804643,0.0,0.3604651162790698,0.7435897435897436,1.0,1,1,0,0,0,1,0,0
1.0,1.0,1,0.0,0.4312656709909517,0.0,0.1802325581395348,0.358974358974359,1.0,1,0,0,0,1,1,0,0
0.0,0.0,1,1.0,0.4832661070533086,0.0,0.7209302325581396,0.7435897435897436,0.0,0,1,0,0,0,0,1,0
